START DATE,START TIME,START TIME ET,SUBJECT,LOCATION,DESCRIPTION,END DATE,END DATE ET,END TIME,END TIME ET,REMINDER OFF,REMINDER ON,REMINDER DATE,REMINDER TIME,REMINDER TIME ET,SHOWTIMEAS FREE,SHOWTIMEAS BUSY
02/23/17,01:05 PM,01:05 PM,Huskies at Red Sox,JetBlue Park - Ft. Myers,"",02/23/17,02/23/17,04:05 PM,04:05 PM,FALSE,TRUE,02/23/17,12:05 PM,12:05 PM,FREE,BUSY
02/24/17,01:05 PM,01:05 PM,Mets at Red Sox,JetBlue Park - Ft. Myers,"",02/24/17,02/24/17,04:05 PM,04:05 PM,FALSE,TRUE,02/24/17,12:05 PM,12:05 PM,FREE,BUSY
02/25/17,01:05 PM,01:05 PM,Twins at Red Sox,JetBlue Park - Ft. Myers,"",02/25/17,02/25/17,04:05 PM,04:05 PM,FALSE,TRUE,02/25/17,12:05 PM,12:05 PM,FREE,BUSY
02/26/17,01:05 PM,01:05 PM,Red Sox at Rays,Charlotte Sports Park - Port Charlotte,"",02/26/17,02/26/17,04:05 PM,04:05 PM,FALSE,TRUE,02/26/17,12:05 PM,12:05 PM,FREE,BUSY
02/27/17,01:05 PM,01:05 PM,Cardinals at Red Sox,JetBlue Park - Ft. Myers,"",02/27/17,02/27/17,04:05 PM,04:05 PM,FALSE,TRUE,02/27/17,12:05 PM,12:05 PM,FREE,BUSY
02/28/17,01:05 PM,01:05 PM,Yankees at Red Sox,JetBlue Park - Ft. Myers,"",02/28/17,02/28/17,04:05 PM,04:05 PM,FALSE,TRUE,02/28/17,12:05 PM,12:05 PM,FREE,BUSY
03/01/17,01:05 PM,01:05 PM,Red Sox at Orioles,Ed Smith Stadium - Sarasota,"",03/01/17,03/01/17,04:05 PM,04:05 PM,FALSE,TRUE,03/01/17,12:05 PM,12:05 PM,FREE,BUSY
03/02/17,01:05 PM,01:05 PM,Rays at Red Sox,JetBlue Park - Ft. Myers,"",03/02/17,03/02/17,04:05 PM,04:05 PM,FALSE,TRUE,03/02/17,12:05 PM,12:05 PM,FREE,BUSY
03/03/17,01:05 PM,01:05 PM,Red Sox at Braves,Champion Stadium - Lake Buena Vista,"",03/03/17,03/03/17,04:05 PM,04:05 PM,FALSE,TRUE,03/03/17,12:05 PM,12:05 PM,FREE,BUSY
03/04/17,01:05 PM,01:05 PM,Red Sox at Pirates,McKechnie Field - Bradenton,"",03/04/17,03/04/17,04:05 PM,04:05 PM,FALSE,TRUE,03/04/17,12:05 PM,12:05 PM,FREE,BUSY
03/05/17,01:05 PM,01:05 PM,Braves at Red Sox,JetBlue Park - Ft. Myers,"",03/05/17,03/05/17,04:05 PM,04:05 PM,FALSE,TRUE,03/05/17,12:05 PM,12:05 PM,FREE,BUSY
03/06/17,01:05 PM,01:05 PM,Red Sox at Astros,The Ballpark of the Palm Beaches - West Palm Beach,"",03/06/17,03/06/17,04:05 PM,04:05 PM,FALSE,TRUE,03/06/17,12:05 PM,12:05 PM,FREE,BUSY
03/07/17,01:05 PM,01:05 PM,Red Sox at Nationals,The Ballpark of the Palm Beaches - West Palm Beach,"",03/07/17,03/07/17,04:05 PM,04:05 PM,FALSE,TRUE,03/07/17,12:05 PM,12:05 PM,FREE,BUSY
03/08/17,01:10 PM,01:10 PM,Red Sox at Mets,Tradition Field - Port St. Lucie,"",03/08/17,03/08/17,04:10 PM,04:10 PM,FALSE,TRUE,03/08/17,12:10 PM,12:10 PM,FREE,BUSY
03/09/17,01:05 PM,01:05 PM,United States at Red Sox,JetBlue Park - Ft. Myers,"",03/09/17,03/09/17,04:05 PM,04:05 PM,FALSE,TRUE,03/09/17,12:05 PM,12:05 PM,FREE,BUSY
03/10/17,06:05 PM,06:05 PM,Orioles at Red Sox,JetBlue Park - Ft. Myers,"",03/10/17,03/10/17,09:05 PM,09:05 PM,FALSE,TRUE,03/10/17,05:05 PM,05:05 PM,FREE,BUSY
03/11/17,01:05 PM,01:05 PM,Red Sox at Twins,CenturyLink Sports Complex - Fort Myers,"",03/11/17,03/11/17,04:05 PM,04:05 PM,FALSE,TRUE,03/11/17,12:05 PM,12:05 PM,FREE,BUSY
03/11/17,01:05 PM,01:05 PM,Rays at Red Sox,JetBlue Park - Ft. Myers,"",03/11/17,03/11/17,04:05 PM,04:05 PM,FALSE,TRUE,03/11/17,12:05 PM,12:05 PM,FREE,BUSY
03/12/17,01:07 PM,01:07 PM,Red Sox at Phillies,Bright House Field - Clearwater,"",03/12/17,03/12/17,04:07 PM,04:07 PM,FALSE,TRUE,03/12/17,12:07 PM,12:07 PM,FREE,BUSY
03/13/17,01:07 PM,01:07 PM,Red Sox at Blue Jays,Florida Auto Exchange Stadium - Dunedin,"",03/13/17,03/13/17,04:07 PM,04:07 PM,FALSE,TRUE,03/13/17,12:07 PM,12:07 PM,FREE,BUSY
03/14/17,01:05 PM,01:05 PM,Blue Jays at Red Sox,JetBlue Park - Ft. Myers,"",03/14/17,03/14/17,04:05 PM,04:05 PM,FALSE,TRUE,03/14/17,12:05 PM,12:05 PM,FREE,BUSY
03/15/17,01:05 PM,01:05 PM,Red Sox at Rays,Charlotte Sports Park - Port Charlotte,"",03/15/17,03/15/17,04:05 PM,04:05 PM,FALSE,TRUE,03/15/17,12:05 PM,12:05 PM,FREE,BUSY
03/16/17,06:05 PM,06:05 PM,Pirates at Red Sox,JetBlue Park - Ft. Myers,"",03/16/17,03/16/17,09:05 PM,09:05 PM,FALSE,TRUE,03/16/17,05:05 PM,05:05 PM,FREE,BUSY
03/17/17,01:05 PM,01:05 PM,Astros at Red Sox,JetBlue Park - Ft. Myers,"",03/17/17,03/17/17,04:05 PM,04:05 PM,FALSE,TRUE,03/17/17,12:05 PM,12:05 PM,FREE,BUSY
03/18/17,01:05 PM,01:05 PM,Red Sox at Twins,CenturyLink Sports Complex - Fort Myers,"",03/18/17,03/18/17,04:05 PM,04:05 PM,FALSE,TRUE,03/18/17,12:05 PM,12:05 PM,FREE,BUSY
03/19/17,01:05 PM,01:05 PM,Twins at Red Sox,JetBlue Park - Ft. Myers,"",03/19/17,03/19/17,04:05 PM,04:05 PM,FALSE,TRUE,03/19/17,12:05 PM,12:05 PM,FREE,BUSY
03/20/17,01:05 PM,01:05 PM,Orioles at Red Sox,JetBlue Park - Ft. Myers,"",03/20/17,03/20/17,04:05 PM,04:05 PM,FALSE,TRUE,03/20/17,12:05 PM,12:05 PM,FREE,BUSY
03/21/17,06:35 PM,06:35 PM,Red Sox at Yankees,George M. Steinbrenner Field - Tampa,"",03/21/17,03/21/17,09:35 PM,09:35 PM,FALSE,TRUE,03/21/17,05:35 PM,05:35 PM,FREE,BUSY
03/23/17,01:05 PM,01:05 PM,Pirates at Red Sox,JetBlue Park - Ft. Myers,"",03/23/17,03/23/17,04:05 PM,04:05 PM,FALSE,TRUE,03/23/17,12:05 PM,12:05 PM,FREE,BUSY
03/24/17,01:07 PM,01:07 PM,Red Sox at Blue Jays,Florida Auto Exchange Stadium - Dunedin,"",03/24/17,03/24/17,04:07 PM,04:07 PM,FALSE,TRUE,03/24/17,12:07 PM,12:07 PM,FREE,BUSY
03/25/17,01:05 PM,01:05 PM,Red Sox at Rays,Charlotte Sports Park - Port Charlotte,"",03/25/17,03/25/17,04:05 PM,04:05 PM,FALSE,TRUE,03/25/17,12:05 PM,12:05 PM,FREE,BUSY
03/25/17,01:05 PM,01:05 PM,Phillies at Red Sox,JetBlue Park - Ft. Myers,"",03/25/17,03/25/17,04:05 PM,04:05 PM,FALSE,TRUE,03/25/17,12:05 PM,12:05 PM,FREE,BUSY
03/26/17,01:05 PM,01:05 PM,Red Sox at Twins,CenturyLink Sports Complex - Fort Myers,"",03/26/17,03/26/17,04:05 PM,04:05 PM,FALSE,TRUE,03/26/17,12:05 PM,12:05 PM,FREE,BUSY
03/27/17,01:05 PM,01:05 PM,Red Sox at Orioles,Ed Smith Stadium - Sarasota,"",03/27/17,03/27/17,04:05 PM,04:05 PM,FALSE,TRUE,03/27/17,12:05 PM,12:05 PM,FREE,BUSY
03/28/17,06:05 PM,06:05 PM,Red Sox at Pirates,McKechnie Field - Bradenton,"",03/28/17,03/28/17,09:05 PM,09:05 PM,FALSE,TRUE,03/28/17,05:05 PM,05:05 PM,FREE,BUSY
03/29/17,01:05 PM,01:05 PM,Twins at Red Sox,JetBlue Park - Ft. Myers,"",03/29/17,03/29/17,04:05 PM,04:05 PM,FALSE,TRUE,03/29/17,12:05 PM,12:05 PM,FREE,BUSY
03/30/17,01:05 PM,01:05 PM,Nationals at Red Sox,JetBlue Park - Ft. Myers,"",03/30/17,03/30/17,04:05 PM,04:05 PM,FALSE,TRUE,03/30/17,12:05 PM,12:05 PM,FREE,BUSY
04/03/17,02:05 PM,02:05 PM,Pirates at Red Sox,Fenway Park - Boston,"",04/03/17,04/03/17,05:05 PM,05:05 PM,FALSE,TRUE,04/03/17,01:05 PM,01:05 PM,FREE,BUSY
04/05/17,07:10 PM,07:10 PM,Pirates at Red Sox,Fenway Park - Boston,"",04/05/17,04/05/17,10:10 PM,10:10 PM,FALSE,TRUE,04/05/17,06:10 PM,06:10 PM,FREE,BUSY
04/06/17,01:35 PM,01:35 PM,Pirates at Red Sox,Fenway Park - Boston,"",04/06/17,04/06/17,04:35 PM,04:35 PM,FALSE,TRUE,04/06/17,12:35 PM,12:35 PM,FREE,BUSY
04/07/17,01:10 PM,01:10 PM,Red Sox at Tigers,Comerica Park - Detroit,"",04/07/17,04/07/17,04:10 PM,04:10 PM,FALSE,TRUE,04/07/17,12:10 PM,12:10 PM,FREE,BUSY
04/08/17,01:10 PM,01:10 PM,Red Sox at Tigers,Comerica Park - Detroit,"",04/08/17,04/08/17,04:10 PM,04:10 PM,FALSE,TRUE,04/08/17,12:10 PM,12:10 PM,FREE,BUSY
04/09/17,01:10 PM,01:10 PM,Red Sox at Tigers,Comerica Park - Detroit,"",04/09/17,04/09/17,04:10 PM,04:10 PM,FALSE,TRUE,04/09/17,12:10 PM,12:10 PM,FREE,BUSY
04/10/17,01:10 PM,01:10 PM,Red Sox at Tigers,Comerica Park - Detroit,"",04/10/17,04/10/17,04:10 PM,04:10 PM,FALSE,TRUE,04/10/17,12:10 PM,12:10 PM,FREE,BUSY
04/11/17,07:10 PM,07:10 PM,Orioles at Red Sox,Fenway Park - Boston,"",04/11/17,04/11/17,10:10 PM,10:10 PM,FALSE,TRUE,04/11/17,06:10 PM,06:10 PM,FREE,BUSY
04/12/17,07:10 PM,07:10 PM,Orioles at Red Sox,Fenway Park - Boston,"",04/12/17,04/12/17,10:10 PM,10:10 PM,FALSE,TRUE,04/12/17,06:10 PM,06:10 PM,FREE,BUSY
04/14/17,07:10 PM,07:10 PM,Rays at Red Sox,Fenway Park - Boston,"",04/14/17,04/14/17,10:10 PM,10:10 PM,FALSE,TRUE,04/14/17,06:10 PM,06:10 PM,FREE,BUSY
04/15/17,04:05 PM,04:05 PM,Rays at Red Sox,Fenway Park - Boston,"",04/15/17,04/15/17,07:05 PM,07:05 PM,FALSE,TRUE,04/15/17,03:05 PM,03:05 PM,FREE,BUSY
04/16/17,01:35 PM,01:35 PM,Rays at Red Sox,Fenway Park - Boston,"",04/16/17,04/16/17,04:35 PM,04:35 PM,FALSE,TRUE,04/16/17,12:35 PM,12:35 PM,FREE,BUSY
04/17/17,11:05 AM,11:05 AM,Rays at Red Sox,Fenway Park - Boston,"",04/17/17,04/17/17,02:05 PM,02:05 PM,FALSE,TRUE,04/17/17,10:05 AM,10:05 AM,FREE,BUSY
04/18/17,07:07 PM,07:07 PM,Red Sox at Blue Jays,Rogers Centre - Toronto,"",04/18/17,04/18/17,10:07 PM,10:07 PM,FALSE,TRUE,04/18/17,06:07 PM,06:07 PM,FREE,BUSY
04/19/17,07:07 PM,07:07 PM,Red Sox at Blue Jays,Rogers Centre - Toronto,"",04/19/17,04/19/17,10:07 PM,10:07 PM,FALSE,TRUE,04/19/17,06:07 PM,06:07 PM,FREE,BUSY
04/20/17,12:37 PM,12:37 PM,Red Sox at Blue Jays,Rogers Centre - Toronto,"",04/20/17,04/20/17,03:37 PM,03:37 PM,FALSE,TRUE,04/20/17,11:37 AM,11:37 AM,FREE,BUSY
04/21/17,07:05 PM,07:05 PM,Red Sox at Orioles,Oriole Park at Camden Yards - Baltimore,"",04/21/17,04/21/17,10:05 PM,10:05 PM,FALSE,TRUE,04/21/17,06:05 PM,06:05 PM,FREE,BUSY
04/22/17,07:05 PM,07:05 PM,Red Sox at Orioles,Oriole Park at Camden Yards - Baltimore,"",04/22/17,04/22/17,10:05 PM,10:05 PM,FALSE,TRUE,04/22/17,06:05 PM,06:05 PM,FREE,BUSY
04/23/17,01:35 PM,01:35 PM,Red Sox at Orioles,Oriole Park at Camden Yards - Baltimore,"",04/23/17,04/23/17,04:35 PM,04:35 PM,FALSE,TRUE,04/23/17,12:35 PM,12:35 PM,FREE,BUSY
04/25/17,07:10 PM,07:10 PM,Yankees at Red Sox,Fenway Park - Boston,"",04/25/17,04/25/17,10:10 PM,10:10 PM,FALSE,TRUE,04/25/17,06:10 PM,06:10 PM,FREE,BUSY
04/26/17,07:10 PM,07:10 PM,Yankees at Red Sox,Fenway Park - Boston,"",04/26/17,04/26/17,10:10 PM,10:10 PM,FALSE,TRUE,04/26/17,06:10 PM,06:10 PM,FREE,BUSY
04/27/17,07:10 PM,07:10 PM,Yankees at Red Sox,Fenway Park - Boston,"",04/27/17,04/27/17,10:10 PM,10:10 PM,FALSE,TRUE,04/27/17,06:10 PM,06:10 PM,FREE,BUSY
04/28/17,07:10 PM,07:10 PM,Cubs at Red Sox,Fenway Park - Boston,"",04/28/17,04/28/17,10:10 PM,10:10 PM,FALSE,TRUE,04/28/17,06:10 PM,06:10 PM,FREE,BUSY
04/29/17,04:05 PM,04:05 PM,Cubs at Red Sox,Fenway Park - Boston,"",04/29/17,04/29/17,07:05 PM,07:05 PM,FALSE,TRUE,04/29/17,03:05 PM,03:05 PM,FREE,BUSY
04/30/17,08:05 PM,08:05 PM,Cubs at Red Sox,Fenway Park - Boston,"Local TV: ESPN",04/30/17,04/30/17,11:05 PM,11:05 PM,FALSE,TRUE,04/30/17,07:05 PM,07:05 PM,FREE,BUSY
05/01/17,07:10 PM,07:10 PM,Orioles at Red Sox,Fenway Park - Boston,"",05/01/17,05/01/17,10:10 PM,10:10 PM,FALSE,TRUE,05/01/17,06:10 PM,06:10 PM,FREE,BUSY
05/02/17,07:10 PM,07:10 PM,Orioles at Red Sox,Fenway Park - Boston,"",05/02/17,05/02/17,10:10 PM,10:10 PM,FALSE,TRUE,05/02/17,06:10 PM,06:10 PM,FREE,BUSY
05/03/17,07:10 PM,07:10 PM,Orioles at Red Sox,Fenway Park - Boston,"",05/03/17,05/03/17,10:10 PM,10:10 PM,FALSE,TRUE,05/03/17,06:10 PM,06:10 PM,FREE,BUSY
05/04/17,07:10 PM,07:10 PM,Orioles at Red Sox,Fenway Park - Boston,"",05/04/17,05/04/17,10:10 PM,10:10 PM,FALSE,TRUE,05/04/17,06:10 PM,06:10 PM,FREE,BUSY
05/05/17,08:10 PM,08:10 PM,Red Sox at Twins,Target Field - Minneapolis,"",05/05/17,05/05/17,11:10 PM,11:10 PM,FALSE,TRUE,05/05/17,07:10 PM,07:10 PM,FREE,BUSY
05/06/17,02:10 PM,02:10 PM,Red Sox at Twins,Target Field - Minneapolis,"",05/06/17,05/06/17,05:10 PM,05:10 PM,FALSE,TRUE,05/06/17,01:10 PM,01:10 PM,FREE,BUSY
05/07/17,02:10 PM,02:10 PM,Red Sox at Twins,Target Field - Minneapolis,"",05/07/17,05/07/17,05:10 PM,05:10 PM,FALSE,TRUE,05/07/17,01:10 PM,01:10 PM,FREE,BUSY
05/09/17,07:40 PM,07:40 PM,Red Sox at Brewers,Miller Park - Milwaukee,"",05/09/17,05/09/17,10:40 PM,10:40 PM,FALSE,TRUE,05/09/17,06:40 PM,06:40 PM,FREE,BUSY
05/10/17,08:10 PM,08:10 PM,Red Sox at Brewers,Miller Park - Milwaukee,"",05/10/17,05/10/17,11:10 PM,11:10 PM,FALSE,TRUE,05/10/17,07:10 PM,07:10 PM,FREE,BUSY
05/11/17,01:10 PM,01:10 PM,Red Sox at Brewers,Miller Park - Milwaukee,"",05/11/17,05/11/17,04:10 PM,04:10 PM,FALSE,TRUE,05/11/17,12:10 PM,12:10 PM,FREE,BUSY
05/12/17,07:10 PM,07:10 PM,Rays at Red Sox,Fenway Park - Boston,"",05/12/17,05/12/17,10:10 PM,10:10 PM,FALSE,TRUE,05/12/17,06:10 PM,06:10 PM,FREE,BUSY
05/13/17,07:10 PM,07:10 PM,Rays at Red Sox,Fenway Park - Boston,"",05/13/17,05/13/17,10:10 PM,10:10 PM,FALSE,TRUE,05/13/17,06:10 PM,06:10 PM,FREE,BUSY
05/14/17,01:35 PM,01:35 PM,Rays at Red Sox,Fenway Park - Boston,"",05/14/17,05/14/17,04:35 PM,04:35 PM,FALSE,TRUE,05/14/17,12:35 PM,12:35 PM,FREE,BUSY
05/16/17,08:15 PM,08:15 PM,Red Sox at Cardinals,Busch Stadium - St. Louis,"",05/16/17,05/16/17,11:15 PM,11:15 PM,FALSE,TRUE,05/16/17,07:15 PM,07:15 PM,FREE,BUSY
05/17/17,08:15 PM,08:15 PM,Red Sox at Cardinals,Busch Stadium - St. Louis,"",05/17/17,05/17/17,11:15 PM,11:15 PM,FALSE,TRUE,05/17/17,07:15 PM,07:15 PM,FREE,BUSY
05/18/17,10:05 PM,10:05 PM,Red Sox at Athletics,Oakland Coliseum - Oakland,"",05/19/17,05/19/17,01:05 AM,01:05 AM,FALSE,TRUE,05/18/17,09:05 PM,09:05 PM,FREE,BUSY
05/19/17,09:35 PM,09:35 PM,Red Sox at Athletics,Oakland Coliseum - Oakland,"",05/20/17,05/20/17,12:35 AM,12:35 AM,FALSE,TRUE,05/19/17,08:35 PM,08:35 PM,FREE,BUSY
05/20/17,04:05 PM,04:05 PM,Red Sox at Athletics,Oakland Coliseum - Oakland,"",05/20/17,05/20/17,07:05 PM,07:05 PM,FALSE,TRUE,05/20/17,03:05 PM,03:05 PM,FREE,BUSY
05/21/17,04:05 PM,04:05 PM,Red Sox at Athletics,Oakland Coliseum - Oakland,"",05/21/17,05/21/17,07:05 PM,07:05 PM,FALSE,TRUE,05/21/17,03:05 PM,03:05 PM,FREE,BUSY
05/23/17,07:10 PM,07:10 PM,Rangers at Red Sox,Fenway Park - Boston,"",05/23/17,05/23/17,10:10 PM,10:10 PM,FALSE,TRUE,05/23/17,06:10 PM,06:10 PM,FREE,BUSY
05/24/17,07:10 PM,07:10 PM,Rangers at Red Sox,Fenway Park - Boston,"",05/24/17,05/24/17,10:10 PM,10:10 PM,FALSE,TRUE,05/24/17,06:10 PM,06:10 PM,FREE,BUSY
05/25/17,07:10 PM,07:10 PM,Rangers at Red Sox,Fenway Park - Boston,"",05/25/17,05/25/17,10:10 PM,10:10 PM,FALSE,TRUE,05/25/17,06:10 PM,06:10 PM,FREE,BUSY
05/26/17,07:10 PM,07:10 PM,Mariners at Red Sox,Fenway Park - Boston,"",05/26/17,05/26/17,10:10 PM,10:10 PM,FALSE,TRUE,05/26/17,06:10 PM,06:10 PM,FREE,BUSY
05/27/17,04:05 PM,04:05 PM,Mariners at Red Sox,Fenway Park - Boston,"",05/27/17,05/27/17,07:05 PM,07:05 PM,FALSE,TRUE,05/27/17,03:05 PM,03:05 PM,FREE,BUSY
05/28/17,01:35 PM,01:35 PM,Mariners at Red Sox,Fenway Park - Boston,"",05/28/17,05/28/17,04:35 PM,04:35 PM,FALSE,TRUE,05/28/17,12:35 PM,12:35 PM,FREE,BUSY
05/29/17,,,Red Sox at White Sox - Time TBD,Guaranteed Rate Field - Chicago,"",05/29/17,05/29/17,,,FALSE,TRUE,05/29/17,,,FREE,BUSY
05/30/17,,,Red Sox at White Sox - Time TBD,Guaranteed Rate Field - Chicago,"",05/30/17,05/30/17,,,FALSE,TRUE,05/30/17,,,FREE,BUSY
05/31/17,,,Red Sox at White Sox - Time TBD,Guaranteed Rate Field - Chicago,"",05/31/17,05/31/17,,,FALSE,TRUE,05/31/17,,,FREE,BUSY
06/01/17,07:05 PM,07:05 PM,Red Sox at Orioles,Oriole Park at Camden Yards - Baltimore,"",06/01/17,06/01/17,10:05 PM,10:05 PM,FALSE,TRUE,06/01/17,06:05 PM,06:05 PM,FREE,BUSY
06/02/17,07:05 PM,07:05 PM,Red Sox at Orioles,Oriole Park at Camden Yards - Baltimore,"",06/02/17,06/02/17,10:05 PM,10:05 PM,FALSE,TRUE,06/02/17,06:05 PM,06:05 PM,FREE,BUSY
06/03/17,07:15 PM,07:15 PM,Red Sox at Orioles,Oriole Park at Camden Yards - Baltimore,"",06/03/17,06/03/17,10:15 PM,10:15 PM,FALSE,TRUE,06/03/17,06:15 PM,06:15 PM,FREE,BUSY
06/04/17,01:35 PM,01:35 PM,Red Sox at Orioles,Oriole Park at Camden Yards - Baltimore,"",06/04/17,06/04/17,04:35 PM,04:35 PM,FALSE,TRUE,06/04/17,12:35 PM,12:35 PM,FREE,BUSY
06/06/17,,,Red Sox at Yankees - Time TBD,Yankee Stadium - Bronx,"",06/06/17,06/06/17,,,FALSE,TRUE,06/06/17,,,FREE,BUSY
06/07/17,,,Red Sox at Yankees - Time TBD,Yankee Stadium - Bronx,"",06/07/17,06/07/17,,,FALSE,TRUE,06/07/17,,,FREE,BUSY
06/08/17,,,Red Sox at Yankees - Time TBD,Yankee Stadium - Bronx,"",06/08/17,06/08/17,,,FALSE,TRUE,06/08/17,,,FREE,BUSY
06/09/17,07:10 PM,07:10 PM,Tigers at Red Sox,Fenway Park - Boston,"",06/09/17,06/09/17,10:10 PM,10:10 PM,FALSE,TRUE,06/09/17,06:10 PM,06:10 PM,FREE,BUSY
06/10/17,07:15 PM,07:15 PM,Tigers at Red Sox,Fenway Park - Boston,"",06/10/17,06/10/17,10:15 PM,10:15 PM,FALSE,TRUE,06/10/17,06:15 PM,06:15 PM,FREE,BUSY
06/11/17,,,Tigers at Red Sox - Time TBD,Fenway Park - Boston,"",06/11/17,06/11/17,,,FALSE,TRUE,06/11/17,,,FREE,BUSY
06/12/17,07:10 PM,07:10 PM,Phillies at Red Sox,Fenway Park - Boston,"",06/12/17,06/12/17,10:10 PM,10:10 PM,FALSE,TRUE,06/12/17,06:10 PM,06:10 PM,FREE,BUSY
06/13/17,07:10 PM,07:10 PM,Phillies at Red Sox,Fenway Park - Boston,"",06/13/17,06/13/17,10:10 PM,10:10 PM,FALSE,TRUE,06/13/17,06:10 PM,06:10 PM,FREE,BUSY
06/14/17,07:05 PM,07:05 PM,Red Sox at Phillies,Citizens Bank Park - Philadelphia,"",06/14/17,06/14/17,10:05 PM,10:05 PM,FALSE,TRUE,06/14/17,06:05 PM,06:05 PM,FREE,BUSY
06/15/17,07:05 PM,07:05 PM,Red Sox at Phillies,Citizens Bank Park - Philadelphia,"",06/15/17,06/15/17,10:05 PM,10:05 PM,FALSE,TRUE,06/15/17,06:05 PM,06:05 PM,FREE,BUSY
06/16/17,,,Red Sox at Astros - Time TBD,Minute Maid Park - Houston,"",06/16/17,06/16/17,,,FALSE,TRUE,06/16/17,,,FREE,BUSY
06/17/17,,,Red Sox at Astros - Time TBD,Minute Maid Park - Houston,"",06/17/17,06/17/17,,,FALSE,TRUE,06/17/17,,,FREE,BUSY
06/18/17,,,Red Sox at Astros - Time TBD,Minute Maid Park - Houston,"",06/18/17,06/18/17,,,FALSE,TRUE,06/18/17,,,FREE,BUSY
06/19/17,,,Red Sox at Royals - Time TBD,Kauffman Stadium - Kansas City,"",06/19/17,06/19/17,,,FALSE,TRUE,06/19/17,,,FREE,BUSY
06/20/17,,,Red Sox at Royals - Time TBD,Kauffman Stadium - Kansas City,"",06/20/17,06/20/17,,,FALSE,TRUE,06/20/17,,,FREE,BUSY
06/21/17,,,Red Sox at Royals - Time TBD,Kauffman Stadium - Kansas City,"",06/21/17,06/21/17,,,FALSE,TRUE,06/21/17,,,FREE,BUSY
06/23/17,07:10 PM,07:10 PM,Angels at Red Sox,Fenway Park - Boston,"",06/23/17,06/23/17,10:10 PM,10:10 PM,FALSE,TRUE,06/23/17,06:10 PM,06:10 PM,FREE,BUSY
06/24/17,07:15 PM,07:15 PM,Angels at Red Sox,Fenway Park - Boston,"",06/24/17,06/24/17,10:15 PM,10:15 PM,FALSE,TRUE,06/24/17,06:15 PM,06:15 PM,FREE,BUSY
06/25/17,01:35 PM,01:35 PM,Angels at Red Sox,Fenway Park - Boston,"",06/25/17,06/25/17,04:35 PM,04:35 PM,FALSE,TRUE,06/25/17,12:35 PM,12:35 PM,FREE,BUSY
06/26/17,07:10 PM,07:10 PM,Twins at Red Sox,Fenway Park - Boston,"",06/26/17,06/26/17,10:10 PM,10:10 PM,FALSE,TRUE,06/26/17,06:10 PM,06:10 PM,FREE,BUSY
06/27/17,07:10 PM,07:10 PM,Twins at Red Sox,Fenway Park - Boston,"",06/27/17,06/27/17,10:10 PM,10:10 PM,FALSE,TRUE,06/27/17,06:10 PM,06:10 PM,FREE,BUSY
06/28/17,07:10 PM,07:10 PM,Twins at Red Sox,Fenway Park - Boston,"",06/28/17,06/28/17,10:10 PM,10:10 PM,FALSE,TRUE,06/28/17,06:10 PM,06:10 PM,FREE,BUSY
06/29/17,07:10 PM,07:10 PM,Twins at Red Sox,Fenway Park - Boston,"",06/29/17,06/29/17,10:10 PM,10:10 PM,FALSE,TRUE,06/29/17,06:10 PM,06:10 PM,FREE,BUSY
06/30/17,07:07 PM,07:07 PM,Red Sox at Blue Jays,Rogers Centre - Toronto,"",06/30/17,06/30/17,10:07 PM,10:07 PM,FALSE,TRUE,06/30/17,06:07 PM,06:07 PM,FREE,BUSY
07/01/17,01:07 PM,01:07 PM,Red Sox at Blue Jays,Rogers Centre - Toronto,"",07/01/17,07/01/17,04:07 PM,04:07 PM,FALSE,TRUE,07/01/17,12:07 PM,12:07 PM,FREE,BUSY
07/02/17,01:07 PM,01:07 PM,Red Sox at Blue Jays,Rogers Centre - Toronto,"",07/02/17,07/02/17,04:07 PM,04:07 PM,FALSE,TRUE,07/02/17,12:07 PM,12:07 PM,FREE,BUSY
07/03/17,,,Red Sox at Rangers - Time TBD,Globe Life Park in Arlington - Arlington,"",07/03/17,07/03/17,,,FALSE,TRUE,07/03/17,,,FREE,BUSY
07/04/17,,,Red Sox at Rangers - Time TBD,Globe Life Park in Arlington - Arlington,"",07/04/17,07/04/17,,,FALSE,TRUE,07/04/17,,,FREE,BUSY
07/05/17,,,Red Sox at Rangers - Time TBD,Globe Life Park in Arlington - Arlington,"",07/05/17,07/05/17,,,FALSE,TRUE,07/05/17,,,FREE,BUSY
07/06/17,,,Red Sox at Rays - Time TBD,Tropicana Field - St. Petersburg,"",07/06/17,07/06/17,,,FALSE,TRUE,07/06/17,,,FREE,BUSY
07/07/17,,,Red Sox at Rays - Time TBD,Tropicana Field - St. Petersburg,"",07/07/17,07/07/17,,,FALSE,TRUE,07/07/17,,,FREE,BUSY
07/08/17,,,Red Sox at Rays - Time TBD,Tropicana Field - St. Petersburg,"",07/08/17,07/08/17,,,FALSE,TRUE,07/08/17,,,FREE,BUSY
07/09/17,,,Red Sox at Rays - Time TBD,Tropicana Field - St. Petersburg,"",07/09/17,07/09/17,,,FALSE,TRUE,07/09/17,,,FREE,BUSY
07/11/17,08:00 PM,08:00 PM,AL All-Stars at NL All-Stars,Marlins Park - Miami,"",07/11/17,07/11/17,11:00 PM,11:00 PM,FALSE,TRUE,07/11/17,07:00 PM,07:00 PM,FREE,BUSY
07/14/17,07:10 PM,07:10 PM,Yankees at Red Sox,Fenway Park - Boston,"",07/14/17,07/14/17,10:10 PM,10:10 PM,FALSE,TRUE,07/14/17,06:10 PM,06:10 PM,FREE,BUSY
07/15/17,04:05 PM,04:05 PM,Yankees at Red Sox,Fenway Park - Boston,"",07/15/17,07/15/17,07:05 PM,07:05 PM,FALSE,TRUE,07/15/17,03:05 PM,03:05 PM,FREE,BUSY
07/16/17,08:05 PM,08:05 PM,Yankees at Red Sox,Fenway Park - Boston,"Local TV: ESPN",07/16/17,07/16/17,11:05 PM,11:05 PM,FALSE,TRUE,07/16/17,07:05 PM,07:05 PM,FREE,BUSY
07/17/17,07:10 PM,07:10 PM,Blue Jays at Red Sox,Fenway Park - Boston,"",07/17/17,07/17/17,10:10 PM,10:10 PM,FALSE,TRUE,07/17/17,06:10 PM,06:10 PM,FREE,BUSY
07/18/17,07:10 PM,07:10 PM,Blue Jays at Red Sox,Fenway Park - Boston,"",07/18/17,07/18/17,10:10 PM,10:10 PM,FALSE,TRUE,07/18/17,06:10 PM,06:10 PM,FREE,BUSY
07/19/17,07:10 PM,07:10 PM,Blue Jays at Red Sox,Fenway Park - Boston,"",07/19/17,07/19/17,10:10 PM,10:10 PM,FALSE,TRUE,07/19/17,06:10 PM,06:10 PM,FREE,BUSY
07/20/17,01:35 PM,01:35 PM,Blue Jays at Red Sox,Fenway Park - Boston,"",07/20/17,07/20/17,04:35 PM,04:35 PM,FALSE,TRUE,07/20/17,12:35 PM,12:35 PM,FREE,BUSY
07/21/17,10:07 PM,10:07 PM,Red Sox at Angels,Angel Stadium of Anaheim - Anaheim,"",07/22/17,07/22/17,01:07 AM,01:07 AM,FALSE,TRUE,07/21/17,09:07 PM,09:07 PM,FREE,BUSY
07/22/17,09:07 PM,09:07 PM,Red Sox at Angels,Angel Stadium of Anaheim - Anaheim,"",07/23/17,07/23/17,12:07 AM,12:07 AM,FALSE,TRUE,07/22/17,08:07 PM,08:07 PM,FREE,BUSY
07/23/17,03:37 PM,03:37 PM,Red Sox at Angels,Angel Stadium of Anaheim - Anaheim,"",07/23/17,07/23/17,06:37 PM,06:37 PM,FALSE,TRUE,07/23/17,02:37 PM,02:37 PM,FREE,BUSY
07/24/17,10:10 PM,10:10 PM,Red Sox at Mariners,Safeco Field - Seattle,"",07/25/17,07/25/17,01:10 AM,01:10 AM,FALSE,TRUE,07/24/17,09:10 PM,09:10 PM,FREE,BUSY
07/25/17,10:10 PM,10:10 PM,Red Sox at Mariners,Safeco Field - Seattle,"",07/26/17,07/26/17,01:10 AM,01:10 AM,FALSE,TRUE,07/25/17,09:10 PM,09:10 PM,FREE,BUSY
07/26/17,03:40 PM,03:40 PM,Red Sox at Mariners,Safeco Field - Seattle,"",07/26/17,07/26/17,06:40 PM,06:40 PM,FALSE,TRUE,07/26/17,02:40 PM,02:40 PM,FREE,BUSY
07/28/17,07:10 PM,07:10 PM,Royals at Red Sox,Fenway Park - Boston,"",07/28/17,07/28/17,10:10 PM,10:10 PM,FALSE,TRUE,07/28/17,06:10 PM,06:10 PM,FREE,BUSY
07/29/17,07:10 PM,07:10 PM,Royals at Red Sox,Fenway Park - Boston,"",07/29/17,07/29/17,10:10 PM,10:10 PM,FALSE,TRUE,07/29/17,06:10 PM,06:10 PM,FREE,BUSY
07/30/17,,,Royals at Red Sox - Time TBD,Fenway Park - Boston,"",07/30/17,07/30/17,,,FALSE,TRUE,07/30/17,,,FREE,BUSY
07/31/17,07:10 PM,07:10 PM,Indians at Red Sox,Fenway Park - Boston,"",07/31/17,07/31/17,10:10 PM,10:10 PM,FALSE,TRUE,07/31/17,06:10 PM,06:10 PM,FREE,BUSY
08/01/17,07:10 PM,07:10 PM,Indians at Red Sox,Fenway Park - Boston,"",08/01/17,08/01/17,10:10 PM,10:10 PM,FALSE,TRUE,08/01/17,06:10 PM,06:10 PM,FREE,BUSY
08/02/17,07:10 PM,07:10 PM,Indians at Red Sox,Fenway Park - Boston,"",08/02/17,08/02/17,10:10 PM,10:10 PM,FALSE,TRUE,08/02/17,06:10 PM,06:10 PM,FREE,BUSY
08/03/17,07:10 PM,07:10 PM,White Sox at Red Sox,Fenway Park - Boston,"",08/03/17,08/03/17,10:10 PM,10:10 PM,FALSE,TRUE,08/03/17,06:10 PM,06:10 PM,FREE,BUSY
08/04/17,07:10 PM,07:10 PM,White Sox at Red Sox,Fenway Park - Boston,"",08/04/17,08/04/17,10:10 PM,10:10 PM,FALSE,TRUE,08/04/17,06:10 PM,06:10 PM,FREE,BUSY
08/05/17,07:10 PM,07:10 PM,White Sox at Red Sox,Fenway Park - Boston,"",08/05/17,08/05/17,10:10 PM,10:10 PM,FALSE,TRUE,08/05/17,06:10 PM,06:10 PM,FREE,BUSY
08/06/17,01:35 PM,01:35 PM,White Sox at Red Sox,Fenway Park - Boston,"",08/06/17,08/06/17,04:35 PM,04:35 PM,FALSE,TRUE,08/06/17,12:35 PM,12:35 PM,FREE,BUSY
08/08/17,,,Red Sox at Rays - Time TBD,Tropicana Field - St. Petersburg,"",08/08/17,08/08/17,,,FALSE,TRUE,08/08/17,,,FREE,BUSY
08/09/17,,,Red Sox at Rays - Time TBD,Tropicana Field - St. Petersburg,"",08/09/17,08/09/17,,,FALSE,TRUE,08/09/17,,,FREE,BUSY
08/11/17,,,Red Sox at Yankees - Time TBD,Yankee Stadium - Bronx,"",08/11/17,08/11/17,,,FALSE,TRUE,08/11/17,,,FREE,BUSY
08/12/17,,,Red Sox at Yankees - Time TBD,Yankee Stadium - Bronx,"",08/12/17,08/12/17,,,FALSE,TRUE,08/12/17,,,FREE,BUSY
08/13/17,,,Red Sox at Yankees - Time TBD,Yankee Stadium - Bronx,"",08/13/17,08/13/17,,,FALSE,TRUE,08/13/17,,,FREE,BUSY
08/15/17,07:10 PM,07:10 PM,Cardinals at Red Sox,Fenway Park - Boston,"",08/15/17,08/15/17,10:10 PM,10:10 PM,FALSE,TRUE,08/15/17,06:10 PM,06:10 PM,FREE,BUSY
08/16/17,07:10 PM,07:10 PM,Cardinals at Red Sox,Fenway Park - Boston,"",08/16/17,08/16/17,10:10 PM,10:10 PM,FALSE,TRUE,08/16/17,06:10 PM,06:10 PM,FREE,BUSY
08/18/17,07:10 PM,07:10 PM,Yankees at Red Sox,Fenway Park - Boston,"",08/18/17,08/18/17,10:10 PM,10:10 PM,FALSE,TRUE,08/18/17,06:10 PM,06:10 PM,FREE,BUSY
08/19/17,07:10 PM,07:10 PM,Yankees at Red Sox,Fenway Park - Boston,"",08/19/17,08/19/17,10:10 PM,10:10 PM,FALSE,TRUE,08/19/17,06:10 PM,06:10 PM,FREE,BUSY
08/20/17,,,Yankees at Red Sox - Time TBD,Fenway Park - Boston,"",08/20/17,08/20/17,,,FALSE,TRUE,08/20/17,,,FREE,BUSY
08/21/17,,,Red Sox at Indians - Time TBD,Progressive Field - Cleveland,"",08/21/17,08/21/17,,,FALSE,TRUE,08/21/17,,,FREE,BUSY
08/22/17,,,Red Sox at Indians - Time TBD,Progressive Field - Cleveland,"",08/22/17,08/22/17,,,FALSE,TRUE,08/22/17,,,FREE,BUSY
08/23/17,,,Red Sox at Indians - Time TBD,Progressive Field - Cleveland,"",08/23/17,08/23/17,,,FALSE,TRUE,08/23/17,,,FREE,BUSY
08/24/17,,,Red Sox at Indians - Time TBD,Progressive Field - Cleveland,"",08/24/17,08/24/17,,,FALSE,TRUE,08/24/17,,,FREE,BUSY
08/25/17,07:10 PM,07:10 PM,Orioles at Red Sox,Fenway Park - Boston,"",08/25/17,08/25/17,10:10 PM,10:10 PM,FALSE,TRUE,08/25/17,06:10 PM,06:10 PM,FREE,BUSY
08/26/17,04:05 PM,04:05 PM,Orioles at Red Sox,Fenway Park - Boston,"",08/26/17,08/26/17,07:05 PM,07:05 PM,FALSE,TRUE,08/26/17,03:05 PM,03:05 PM,FREE,BUSY
08/27/17,01:35 PM,01:35 PM,Orioles at Red Sox,Fenway Park - Boston,"",08/27/17,08/27/17,04:35 PM,04:35 PM,FALSE,TRUE,08/27/17,12:35 PM,12:35 PM,FREE,BUSY
08/28/17,07:07 PM,07:07 PM,Red Sox at Blue Jays,Rogers Centre - Toronto,"",08/28/17,08/28/17,10:07 PM,10:07 PM,FALSE,TRUE,08/28/17,06:07 PM,06:07 PM,FREE,BUSY
08/29/17,07:07 PM,07:07 PM,Red Sox at Blue Jays,Rogers Centre - Toronto,"",08/29/17,08/29/17,10:07 PM,10:07 PM,FALSE,TRUE,08/29/17,06:07 PM,06:07 PM,FREE,BUSY
08/30/17,07:07 PM,07:07 PM,Red Sox at Blue Jays,Rogers Centre - Toronto,"",08/30/17,08/30/17,10:07 PM,10:07 PM,FALSE,TRUE,08/30/17,06:07 PM,06:07 PM,FREE,BUSY
08/31/17,,,Red Sox at Yankees - Time TBD,Yankee Stadium - Bronx,"",08/31/17,08/31/17,,,FALSE,TRUE,08/31/17,,,FREE,BUSY
09/01/17,,,Red Sox at Yankees - Time TBD,Yankee Stadium - Bronx,"",09/01/17,09/01/17,,,FALSE,TRUE,09/01/17,,,FREE,BUSY
09/02/17,,,Red Sox at Yankees - Time TBD,Yankee Stadium - Bronx,"",09/02/17,09/02/17,,,FALSE,TRUE,09/02/17,,,FREE,BUSY
09/03/17,,,Red Sox at Yankees - Time TBD,Yankee Stadium - Bronx,"",09/03/17,09/03/17,,,FALSE,TRUE,09/03/17,,,FREE,BUSY
09/04/17,07:10 PM,07:10 PM,Blue Jays at Red Sox,Fenway Park - Boston,"",09/04/17,09/04/17,10:10 PM,10:10 PM,FALSE,TRUE,09/04/17,06:10 PM,06:10 PM,FREE,BUSY
09/05/17,07:10 PM,07:10 PM,Blue Jays at Red Sox,Fenway Park - Boston,"",09/05/17,09/05/17,10:10 PM,10:10 PM,FALSE,TRUE,09/05/17,06:10 PM,06:10 PM,FREE,BUSY
09/06/17,07:10 PM,07:10 PM,Blue Jays at Red Sox,Fenway Park - Boston,"",09/06/17,09/06/17,10:10 PM,10:10 PM,FALSE,TRUE,09/06/17,06:10 PM,06:10 PM,FREE,BUSY
09/08/17,07:10 PM,07:10 PM,Rays at Red Sox,Fenway Park - Boston,"",09/08/17,09/08/17,10:10 PM,10:10 PM,FALSE,TRUE,09/08/17,06:10 PM,06:10 PM,FREE,BUSY
09/09/17,07:10 PM,07:10 PM,Rays at Red Sox,Fenway Park - Boston,"",09/09/17,09/09/17,10:10 PM,10:10 PM,FALSE,TRUE,09/09/17,06:10 PM,06:10 PM,FREE,BUSY
09/10/17,01:35 PM,01:35 PM,Rays at Red Sox,Fenway Park - Boston,"",09/10/17,09/10/17,04:35 PM,04:35 PM,FALSE,TRUE,09/10/17,12:35 PM,12:35 PM,FREE,BUSY
09/12/17,07:10 PM,07:10 PM,Athletics at Red Sox,Fenway Park - Boston,"",09/12/17,09/12/17,10:10 PM,10:10 PM,FALSE,TRUE,09/12/17,06:10 PM,06:10 PM,FREE,BUSY
09/13/17,07:10 PM,07:10 PM,Athletics at Red Sox,Fenway Park - Boston,"",09/13/17,09/13/17,10:10 PM,10:10 PM,FALSE,TRUE,09/13/17,06:10 PM,06:10 PM,FREE,BUSY
09/14/17,01:35 PM,01:35 PM,Athletics at Red Sox,Fenway Park - Boston,"",09/14/17,09/14/17,04:35 PM,04:35 PM,FALSE,TRUE,09/14/17,12:35 PM,12:35 PM,FREE,BUSY
09/15/17,,,Red Sox at Rays - Time TBD,Tropicana Field - St. Petersburg,"",09/15/17,09/15/17,,,FALSE,TRUE,09/15/17,,,FREE,BUSY
09/16/17,,,Red Sox at Rays - Time TBD,Tropicana Field - St. Petersburg,"",09/16/17,09/16/17,,,FALSE,TRUE,09/16/17,,,FREE,BUSY
09/17/17,,,Red Sox at Rays - Time TBD,Tropicana Field - St. Petersburg,"",09/17/17,09/17/17,,,FALSE,TRUE,09/17/17,,,FREE,BUSY
09/18/17,07:05 PM,07:05 PM,Red Sox at Orioles,Oriole Park at Camden Yards - Baltimore,"",09/18/17,09/18/17,10:05 PM,10:05 PM,FALSE,TRUE,09/18/17,06:05 PM,06:05 PM,FREE,BUSY
09/19/17,07:05 PM,07:05 PM,Red Sox at Orioles,Oriole Park at Camden Yards - Baltimore,"",09/19/17,09/19/17,10:05 PM,10:05 PM,FALSE,TRUE,09/19/17,06:05 PM,06:05 PM,FREE,BUSY
09/20/17,07:05 PM,07:05 PM,Red Sox at Orioles,Oriole Park at Camden Yards - Baltimore,"",09/20/17,09/20/17,10:05 PM,10:05 PM,FALSE,TRUE,09/20/17,06:05 PM,06:05 PM,FREE,BUSY
09/22/17,07:10 PM,07:10 PM,Red Sox at Reds,Great American Ball Park - Cincinnati,"",09/22/17,09/22/17,10:10 PM,10:10 PM,FALSE,TRUE,09/22/17,06:10 PM,06:10 PM,FREE,BUSY
09/23/17,04:10 PM,04:10 PM,Red Sox at Reds,Great American Ball Park - Cincinnati,"",09/23/17,09/23/17,07:10 PM,07:10 PM,FALSE,TRUE,09/23/17,03:10 PM,03:10 PM,FREE,BUSY
09/24/17,01:10 PM,01:10 PM,Red Sox at Reds,Great American Ball Park - Cincinnati,"",09/24/17,09/24/17,04:10 PM,04:10 PM,FALSE,TRUE,09/24/17,12:10 PM,12:10 PM,FREE,BUSY
09/25/17,07:10 PM,07:10 PM,Blue Jays at Red Sox,Fenway Park - Boston,"",09/25/17,09/25/17,10:10 PM,10:10 PM,FALSE,TRUE,09/25/17,06:10 PM,06:10 PM,FREE,BUSY
09/26/17,07:10 PM,07:10 PM,Blue Jays at Red Sox,Fenway Park - Boston,"",09/26/17,09/26/17,10:10 PM,10:10 PM,FALSE,TRUE,09/26/17,06:10 PM,06:10 PM,FREE,BUSY
09/27/17,07:10 PM,07:10 PM,Blue Jays at Red Sox,Fenway Park - Boston,"",09/27/17,09/27/17,10:10 PM,10:10 PM,FALSE,TRUE,09/27/17,06:10 PM,06:10 PM,FREE,BUSY
09/28/17,07:10 PM,07:10 PM,Astros at Red Sox,Fenway Park - Boston,"",09/28/17,09/28/17,10:10 PM,10:10 PM,FALSE,TRUE,09/28/17,06:10 PM,06:10 PM,FREE,BUSY
09/29/17,07:10 PM,07:10 PM,Astros at Red Sox,Fenway Park - Boston,"",09/29/17,09/29/17,10:10 PM,10:10 PM,FALSE,TRUE,09/29/17,06:10 PM,06:10 PM,FREE,BUSY
09/30/17,,,Astros at Red Sox - Time TBD,Fenway Park - Boston,"",09/30/17,09/30/17,,,FALSE,TRUE,09/30/17,,,FREE,BUSY
10/01/17,03:05 PM,03:05 PM,Astros at Red Sox,Fenway Park - Boston,"",10/01/17,10/01/17,06:05 PM,06:05 PM,FALSE,TRUE,10/01/17,02:05 PM,02:05 PM,FREE,BUSY
